student_id,actual_final_score,predicted_final_score,absolute_error
STU-2026-284,86.6,88.67,2.07
STU-2026-298,72.1,72.87,0.77
STU-2026-293,95.4,97.65,2.25
STU-2026-120,54.4,53.36,1.04
STU-2026-302,49.1,52.59,3.49
STU-2026-417,91.9,91.46,0.44
STU-2026-245,78.9,76.78,2.12
STU-2026-027,92.3,91.61,0.69
STU-2026-072,72.7,72.18,0.52
STU-2026-275,74.7,75.47,0.77
STU-2026-075,73.6,76.29,2.69
STU-2026-169,78.5,75.68,2.82
STU-2026-081,93.2,93.34,0.14
STU-2026-239,79.7,77.0,2.7
STU-2026-128,71.3,70.63,0.67
STU-2026-034,96.1,93.67,2.43
STU-2026-051,70.8,68.69,2.11
STU-2026-323,88.8,88.95,0.15
STU-2026-450,73.6,75.8,2.2
STU-2026-459,94.1,93.57,0.53
STU-2026-144,76.6,74.87,1.73
STU-2026-424,69.8,70.14,0.34
STU-2026-494,89.5,88.67,0.83
STU-2026-069,88.5,90.85,2.35
STU-2026-319,70.9,68.23,2.67
STU-2026-084,55.3,53.96,1.34
STU-2026-145,90.8,91.59,0.79
STU-2026-345,78.9,77.9,1.0
STU-2026-244,75.0,73.98,1.02
STU-2026-420,67.7,70.78,3.08
STU-2026-009,68.8,71.05,2.25
STU-2026-300,73.1,72.78,0.32
STU-2026-228,69.4,67.59,1.81
STU-2026-423,69.6,72.69,3.09
STU-2026-074,73.5,70.67,2.83
STU-2026-195,76.5,77.18,0.68
STU-2026-394,53.6,50.98,2.62
STU-2026-283,87.4,89.79,2.39
STU-2026-241,92.2,91.39,0.81
STU-2026-147,70.3,69.53,0.77
STU-2026-466,49.4,49.37,0.03
STU-2026-427,69.6,72.1,2.5
STU-2026-355,93.1,90.2,2.9
STU-2026-125,71.4,73.88,2.48
STU-2026-461,94.3,93.75,0.55
STU-2026-348,51.9,53.07,1.17
STU-2026-231,69.9,68.93,0.97
STU-2026-430,46.6,48.19,1.59
STU-2026-308,77.8,76.98,0.82
STU-2026-063,87.5,89.58,2.08
STU-2026-410,41.2,43.21,2.01
STU-2026-250,65.8,67.88,2.08
STU-2026-366,55.4,53.86,1.54
STU-2026-317,80.4,81.1,0.7
STU-2026-119,42.1,45.12,3.02
STU-2026-310,86.6,87.19,0.59
STU-2026-500,73.8,72.47,1.33
STU-2026-080,71.7,74.51,2.81
STU-2026-002,92.9,92.11,0.79
STU-2026-456,96.5,94.57,1.93
STU-2026-457,69.1,69.81,0.71
STU-2026-217,75.7,73.7,2.0
STU-2026-328,72.8,74.93,2.13
STU-2026-220,68.5,70.59,2.09
STU-2026-010,42.0,42.73,0.73
STU-2026-367,93.3,92.54,0.76
STU-2026-471,84.3,86.02,1.72
STU-2026-453,71.9,70.72,1.18
STU-2026-384,90.3,87.88,2.42
STU-2026-019,52.7,53.95,1.25
STU-2026-071,71.6,70.18,1.42
STU-2026-040,98.0,95.03,2.97
STU-2026-129,70.1,68.54,1.56
STU-2026-211,76.7,76.73,0.03
STU-2026-093,68.8,68.68,0.12
STU-2026-396,70.3,70.56,0.26
STU-2026-006,72.4,74.03,1.63
STU-2026-137,72.4,71.72,0.68
STU-2026-309,48.1,50.38,2.28
STU-2026-046,70.7,71.86,1.16
STU-2026-445,99.0,98.18,0.82
STU-2026-015,84.7,86.81,2.11
STU-2026-108,91.8,93.42,1.62
STU-2026-227,45.6,48.75,3.15
STU-2026-138,45.8,48.37,2.57
STU-2026-149,86.2,86.83,0.63
STU-2026-076,90.9,91.49,0.59
STU-2026-091,74.2,73.02,1.18
STU-2026-448,70.3,72.78,2.48
STU-2026-223,67.5,70.09,2.59
STU-2026-180,53.1,56.38,3.28
STU-2026-154,73.8,76.28,2.48
STU-2026-056,69.3,70.96,1.66
STU-2026-297,86.2,87.65,1.45
STU-2026-388,96.4,99.0,2.6
STU-2026-166,82.5,84.87,2.37
STU-2026-363,76.4,74.46,1.94
STU-2026-162,73.0,74.9,1.9
STU-2026-094,89.2,87.02,2.18
STU-2026-103,90.9,91.84,0.94
